Mounting holes (4.6mm),
X,Y
-173.763,-47.3375
-103.763,-47.3375
-33.763,-47.3375
36.237,-47.3375
106.237,-47.3375
176.237,-47.3375
-173.763,104.4875
-103.763,104.4875
-33.763,104.4875
36.237,104.4875
176.237,104.4875
,
2.5mm holes,
-188.2,0
-170.2125,-33.375
-86.86875,-38.561
-77,0
-5.90625,-38.560632
0,0
12.2,0
75.05625,-37.0375
136.96875,-37.0375
190.674,0
56.00625,96.818611
108.394,66.3875
117.91875,96.818611
,
4mm holes,
86.9625,0
106.0125,0
125.0625,0
,
5.2mm holes,
108.394,73.8875
